{
  "backup_id": "29b2b40c",
  "user_id": 2,
  "timestamp": "20250624_231753",
  "datetime": "2025-06-24T23:17:53.726572",
  "include_files": true,
  "database_records": {
    "status": "success",
    "record_counts": {
      "users": 1,
      "family_members": 1,
      "health_records": 0,
      "medical_conditions": 0,
      "current_medications": 15,
      "documents": 0,
      "appointments": 0,
      "chat_messages": 0
    },
    "total_records": 17
  },
  "file_backup": {
    "status": "success",
    "files_count": 1
  }
}