[
  {
    "id": 1,
    "family_member_id": 2,
    "medicine": "Syndopa",
    "strength": "110",
    "morning": "1",
    "noon": "1",
    "evening": "1",
    "bedtime": null,
    "duration": null,
    "notes": null,
    "created_at": "2025-06-24 17:47:10.243595",
    "updated_at": "2025-06-24 17:47:10.243603"
  },
  {
    "id": 2,
    "family_member_id": 2,
    "medicine": "Syndopa CR",
    "strength": "200",
    "morning": null,
    "noon": null,
    "evening": null,
    "bedtime": "1",
    "duration": null,
    "notes": null,
    "created_at": "2025-06-24 17:47:10.243605",
    "updated_at": "2025-06-24 17:47:10.243607"
  },
  {
    "id": 3,
    "family_member_id": 2,
    "medicine": "Ropark",
    "strength": "2",
    "morning": "1",
    "noon": null,
    "evening": null,
    "bedtime": null,
    "duration": null,
    "notes": null,
    "created_at": "2025-06-24 17:47:10.243609",
    "updated_at": "2025-06-24 17:47:10.243610"
  },
  {
    "id": 4,
    "family_member_id": 2,
    "medicine": "Ropark",
    "strength": "1",
    "morning": "1",
    "noon": "1",
    "evening": "1",
    "bedtime": null,
    "duration": null,
    "notes": null,
    "created_at": "2025-06-24 17:47:10.243612",
    "updated_at": "2025-06-24 17:47:10.243613"
  },
  {
    "id": 5,
    "family_member_id": 2,
    "medicine": "Ropark",
    "strength": "0.5",
    "morning": "0",
    "noon": "1",
    "evening": "1",
    "bedtime": null,
    "duration": null,
    "notes": null,
    "created_at": "2025-06-24 17:47:10.243615",
    "updated_at": "2025-06-24 17:47:10.243616"
  },
  {
    "id": 6,
    "family_member_id": 2,
    "medicine": "Parkitidin",
    "strength": "100",
    "morning": "1",
    "noon": "1",
    "evening": null,
    "bedtime": null,
    "duration": null,
    "notes": null,
    "created_at": "2025-06-24 17:47:10.243618",
    "updated_at": "2025-06-24 17:47:10.243619"
  },
  {
    "id": 7,
    "family_member_id": 2,
    "medicine": "Xafinact",
    "strength": "50",
    "morning": "1",
    "noon": null,
    "evening": "1",
    "bedtime": null,
    "duration": null,
    "notes": null,
    "created_at": "2025-06-24 17:47:10.243621",
    "updated_at": "2025-06-24 17:47:10.243622"
  },
  {
    "id": 8,
    "family_member_id": 2,
    "medicine": "Sambraz D",
    "strength": "40",
    "morning": "1",
    "noon": null,
    "evening": null,
    "bedtime": null,
    "duration": "PRN",
    "notes": null,
    "created_at": "2025-06-24 17:47:10.243624",
    "updated_at": "2025-06-24 17:47:10.243625"
  },
  {
    "id": 9,
    "family_member_id": 2,
    "medicine": "Cyblex M",
    "strength": "80",
    "morning": "1",
    "noon": null,
    "evening": null,
    "bedtime": "1",
    "duration": null,
    "notes": null,
    "created_at": "2025-06-24 17:47:10.243627",
    "updated_at": "2025-06-24 17:47:10.243628"
  },
  {
    "id": 10,
    "family_member_id": 2,
    "medicine": "Gluxit S",
    "strength": "10/100",
    "morning": "1",
    "noon": null,
    "evening": null,
    "bedtime": null,
    "duration": null,
    "notes": null,
    "created_at": "2025-06-24 17:47:10.243630",
    "updated_at": "2025-06-24 17:47:10.243631"
  },
  {
    "id": 11,
    "family_member_id": 2,
    "medicine": "Nuerobion Forte",
    "strength": null,
    "morning": "1",
    "noon": null,
    "evening": null,
    "bedtime": null,
    "duration": null,
    "notes": null,
    "created_at": "2025-06-24 17:47:10.243633",
    "updated_at": "2025-06-24 17:47:10.243634"
  },
  {
    "id": 12,
    "family_member_id": 2,
    "medicine": "Met XL",
    "strength": "25",
    "morning": "1",
    "noon": null,
    "evening": null,
    "bedtime": null,
    "duration": null,
    "notes": null,
    "created_at": "2025-06-24 17:47:10.243636",
    "updated_at": "2025-06-24 17:47:10.243637"
  },
  {
    "id": 13,
    "family_member_id": 2,
    "medicine": "Duzela",
    "strength": "40",
    "morning": null,
    "noon": "1",
    "evening": null,
    "bedtime": "1",
    "duration": null,
    "notes": null,
    "created_at": "2025-06-24 17:47:10.243639",
    "updated_at": "2025-06-24 17:47:10.243640"
  },
  {
    "id": 14,
    "family_member_id": 2,
    "medicine": "Pioz MF",
    "strength": "15",
    "morning": null,
    "noon": null,
    "evening": null,
    "bedtime": "1",
    "duration": null,
    "notes": null,
    "created_at": "2025-06-24 17:47:10.243642",
    "updated_at": "2025-06-24 17:47:10.243643"
  },
  {
    "id": 15,
    "family_member_id": 2,
    "medicine": "Ecosprin AV",
    "strength": "75",
    "morning": null,
    "noon": null,
    "evening": null,
    "bedtime": "1",
    "duration": null,
    "notes": null,
    "created_at": "2025-06-24 17:47:10.243645",
    "updated_at": "2025-06-24 17:47:10.243647"
  }
]