[
  {
    "id": 2,
    "first_name": "Meeran",
    "last_name": "Esmail",
    "date_of_birth": "1967-05-06",
    "relationship": "self",
    "gender": "male",
    "blood_type": "A+",
    "height": null,
    "weight": null,
    "emergency_contact_name": null,
    "emergency_contact_phone": null,
    "primary_doctor": null,
    "insurance_provider": null,
    "insurance_number": null,
    "allergies": null,
    "chronic_conditions": "T2D-2008, HT-2003, PD-2019",
    "current_medications": null,
    "family_medical_history": "Father: had T2D in his early 40s, died of a heart attack in his 60 years age.\r\nSon died at the age of 23 while undergoing BMT for Aplastic Anemia",
    "surgical_history": "Appendectomy-1983, Piles-1993",
    "notes": null,
    "created_at": "2025-06-22 18:40:43.182838",
    "updated_at": "2025-06-24 17:47:10.239499"
  }
]