[
  {
    "id": 2,
    "email": "emeeranjp@gmail.com",
    "username": "Admin",
    "password_hash": "scrypt:32768:8:1$4PP2q0i0ZPU1uVtE$ff3b1dee82272aea2790cfc3d5e017f758d977bf7af7cbddcff5a2a89145994ced34845ee8cb635c09211939925f4fedb6d12fad6506ad8c2af73fdae99501ca",
    "first_name": "Admin",
    "last_name": "phrm",
    "date_of_birth": "1967-05-06",
    "created_at": "2025-06-22 18:38:29.982633",
    "updated_at": "2025-06-22 18:45:47.219838",
    "is_active": 1,
    "is_admin": 0,
    "email_notifications": 1,
    "record_reminders": 1,
    "security_alerts": 1,
    "ai_insights": 1,
    "notification_frequency": "daily",
    "reset_token": null,
    "reset_token_expiry": null
  }
]